332,630,5,-180,0,-180
332,630,0,-180,0,-180
332,630,0,-180,0,-180
332,630,0,-180,0,-180
332,630,0,-180,0,-180
332,630,0,-180,0,-180
332,630,0,-180,0,-180
332,630,0,-180,0,-180
332,630,0,-180,0,-180
332,630,0,-180,0,-180
332,630,0,-180,0,-180
332,630,0,-180,0,-180
332,630,0,-180,0,-180
332,630,0,-180,0,-180
332,630,0,-180,0,-180
332,630,0,-180,0,-180
332,630,0,-180,0,-180
332,630,0,-180,0,-180
332,630,0,-180,0,-180
332,630,0,-180,0,-180
332,630,0,-180,0,-180
332,630,0,-180,0,-180
332,630,0,-180,0,-180
332,630,0,-180,0,-180
332,630,0,-180,0,-180
332,630,0,-180,0,-180
332,630,0,-180,0,-180
332,630,0,-180,0,-180
332,630,0,-180,0,-180
332,630,0,-180,0,-180
332,630,0,-180,0,-180
332,630,0,-180,0,-180
332,630,0,-180,0,-180
332,630,0,-180,0,-180
332,630,0,-180,0,-180
332,630,0,-180,0,-180
332,630,0,-180,0,-180
332,630,0,-180,0,-180
332,630,0,-180,0,-180
332,630,0,-180,0,-180
332,630,0,-180,0,-180
332,630,0,-180,0,-180
332,630,0,-180,0,-180
332,630,0,-180,0,-180
332,630,0,-180,0,-180
332,630,0,-180,0,-180
332,630,0,-180,0,-180
332,630,0,-180,0,-180
332,630,0,-180,0,-180
332,630,0,-180,0,-180
332,630,0,-180,0,-180
332,630,0,-180,0,-180
332,630,0,-180,0,-180
332,630,0,-180,0,-180
332,630,0,-180,0,-180
332,630,0,-180,0,-180
332,630,0,-180,0,-180
332,630,0,-180,0,-180
332,630,0,-180,0,-180
332,630,0,-180,0,-180
332,630,0,-180,0,-180
332,630,0,-180,0,-180
332,630,0,-180,0,-180
332,630,0,-180,0,-180
332,630,0,-180,0,-180
332,630,0,-180,0,-180
332,630,0,-180,0,-180
332,630,0,-180,0,-180
332,630,0,-180,0,-180
332,630,0,-180,0,-180
332,630,0,-180,0,-180
332,630,0,-180,0,-180
332,630,0,-180,0,-180
332,630,0,-180,0,-180
332,630,0,-180,0,-180
332,630,0,-180,0,-180
332,630,0,-180,0,-180
332,630,0,-180,0,-180
332,630,0,-180,0,-180
332,630,0,-180,0,-180
332,630,0,-180,0,-180
332,630,0,-180,0,-180
332,630,0,-180,0,-180
332,630,0,-180,0,-180
332,630,0,-180,0,-180
332,630,0,-180,0,-180
332,630,0,-180,0,-180
332,630,0,-180,0,-180
332,630,0,-180,0,-180
332,630,0,-180,0,-180
332,630,0,-180,0,-180
332,630,0,-180,0,-180
332,630,0,-180,0,-180
332,630,0,-180,0,-180
332,630,0,-180,0,-180
332,630,0,-180,0,-180
332,630,0,-180,0,-180
332,630,0,-180,0,-180
332,630,0,-180,0,-180
332,630,0,-180,0,-180
332,630,0,-180,0,-180
332,630,0,-180,0,-180
332,630,0,-180,0,-180
332,630,0,-180,0,-180
332,630,0,-180,0,-180
332,630,0,-180,0,-180
332,630,0,-180,0,-180
332,630,0,-180,0,-180
332,630,0,-180,0,-180
332,630,0,-180,0,-180
332,630,0,-180,0,-180
332,630,0,-180,0,-180
516,616,5,-180,0,-180
